CustomerID,CustomerName,CustomerCountry,CustomerContinent
350,Cipherflow Labs,Canada,North America
360,Discovery Kudos,Congo,Africa
362,Zeroworks Group,Singapore,Asia
395,Propulse Labs,Papua New Guinea,Oceania
528,Discovery Well,Cyprus,Europe
653,Libertyforce Group,Spain,Europe
675,Elitewave Partners,Uruguay,South America
752,Joybridge Technologies,Ireland,Europe
815,Gallantlabs Partners,Uruguay,South America
827,Greensource Solutions,Marshall Islands,Oceania
956,Opensolutions Corp,Sweden,Europe
965,Clearline Inc,United Kingdom,Europe
1012,Kryptonvault Group,South Africa,Africa
1034,Equitysphere Inc,Timor-Leste,Asia
1057,Oceanmind Labs,Fiji,Oceania
1083,Justnet Technologies,Belize,North America
1169,Driveverse Inc,Mongolia,Asia
1230,Clarity Jupiter,Cabo Verde,Africa
1353,Primecraft Group,San Marino,Europe
1406,Just Partners,Ethiopia,Africa
1473,Innovatebridge Corp,Saudi Arabia,Asia
1501,Keybound Solutions,Mongolia,Asia
1586,Methodbase Solutions,Australia,Oceania
1589,Horizonspace Partners,Pakistan,Asia
1652,Leap Management,Mauritania,Africa
1685,Iconforce Partners,Chile,South America
1912,Blazebase LLC,United States,North America
1970,Universalpulse Group,Australia,Oceania
2050,Nexus Robotics,Timor-Leste,Asia
2187,Visionflow Partners,Eritrea,Africa
2398,Synergyforce Labs,Eritrea,Africa
2413,Bold Jewel,Papua New Guinea,Oceania
2495,Bound Zephyr,Bhutan,Asia
2617,Lighthousebound Solutions,Uzbekistan,Asia
2703,Factorline Labs,Angola,Africa
2751,Clearwave Technologies,Sierra Leone,Africa
2854,Braveflow Corp,Turkey,Asia
2856,Whitebound Labs,Nauru,Oceania
3122,Drive Just,France,Europe
3397,Linkline Technologies,Solomon Islands,Oceania
3407,Wellverse LLC,Italy,Europe
3475,Omegalink Inc,Slovakia,Europe
3871,Matrixlogic Solutions,Djibouti,Africa
3880,Trustcraft Inc,Brazil,South America
3887,Groundedmark Labs,Lebanon,Asia
3920,Noblesolutions Labs,Yemen,Asia
4001,Atlasmedia Group,Saint Lucia,North America
4047,Wave Software,Angola,Africa
4049,Networkmark Labs,France,Europe
4106,Methodsyn Partners,Poland,Europe
4115,Relaynet Technologies,Antigua and Barbuda,North America
4238,Zenith Collective,Kenya,Africa
4247,Rootsbase LLC,Ethiopia,Africa
4318,Openverse Technologies,South Korea,Asia
4367,Ardent Iron,Tuvalu,Oceania
4469,Vista Enterprises,Equatorial Guinea,Africa
4533,Trinitywave Inc,France,Europe
4565,Questline Technologies,Georgia,Asia
4607,Edge Titan,Spain,Europe
4653,Fluxlink Labs,Botswana,Africa
4901,Granddock Group,Uzbekistan,Asia
4982,Fluxstack Partners,Spain,Europe
5004,Evergreenline Technologies,Vanuatu,Oceania
5011,Edgeshift Labs,Botswana,Africa
5272,Greenhub Technologies,Spain,Europe
5327,Pulsepost Inc,Iceland,Europe
5391,Metaverse Solutions,Singapore,Asia
5392,Fusion analytics Corp,Egypt,Africa
5400,Impulseverse Solutions,San Marino,Europe
5497,Elementsolutions Inc,Togo,Africa
5754,Factorsoft Inc,Comoros,Africa
5755,Shiftsoft Solutions,Colombia,South America
5914,Urbanmind Partners,Malta,Europe
6006,Leapflow Technologies,Angola,Africa
6065,Methodscale Group,Algeria,Africa
6177,Jubilantsolutions Inc,Sao Tome and Principe,Africa
6215,Altasoft Solutions,Angola,Africa
6281,Bold Consulting,Cabo Verde,Africa
6284,Agilefield Partners,South Africa,Africa
6338,Nexuspost LLC,Singapore,Asia
6414,Divergentwave LLC,Cabo Verde,Africa
6430,Bridgemark LLC,South Korea,Asia
6516,Impulsesoft Corp,Micronesia,Oceania
6669,Opalgate Group,Benin,Africa
6676,Beacon Solstice,Iraq,Asia
6711,Apexfield Corp,Afghanistan,Asia
6729,Deepsoft Labs,Iraq,Asia
6745,Hydrawave LLC,Kuwait,Asia
6746,Oceanforce Partners,Somalia,Africa
6752,Cipherline Group,Mozambique,Africa
6757,Kodiaksphere Inc,San Marino,Europe
6771,Luminasyn Labs,Norway,Europe
6808,Ciphersolutions Labs,Singapore,Asia
6867,Grandsys Solutions,South Africa,Africa
6950,Epicnet Labs,France,Europe
7028,Insightvault Technologies,Algeria,Africa
7056,Velocitycraft LLC,Slovenia,Europe
7087,Heritagesys Inc,Zimbabwe,Africa
7107,Crest Forge,Barbados,North America
7116,Drivefield Partners,Italy,Europe
