CustomerID,Month_,Revenue
350,01/11/2020,0
360,01/11/2020,28
362,01/11/2020,4
395,01/11/2020,6
528,01/11/2020,12
653,01/11/2020,9
675,01/11/2020,20
752,01/11/2020,17
815,01/11/2020,4
827,01/11/2020,22
956,01/11/2020,14
965,01/11/2020,18
1012,01/11/2020,6
1034,01/11/2020,129.25
1057,01/11/2020,14
1083,01/11/2020,49.5
1169,01/11/2020,89.44
1230,01/11/2020,29
1353,01/11/2020,20
1406,01/11/2020,20
1473,01/11/2020,7.5
1501,01/11/2020,6
1586,01/11/2020,24.42
1589,01/11/2020,6
1652,01/11/2020,12
1685,01/11/2020,35
1912,01/11/2020,49.52
1970,01/11/2020,12.5
2050,01/11/2020,3
2187,01/11/2020,12
2398,01/11/2020,36
2413,01/11/2020,13.75
2495,01/11/2020,49
2617,01/11/2020,875
2703,01/11/2020,1.24
2751,01/11/2020,12
2854,01/11/2020,6
2856,01/11/2020,37
3122,01/11/2020,15.5
3397,01/11/2020,12
3407,01/11/2020,20
3475,01/11/2020,6
3871,01/11/2020,13.48
3880,01/11/2020,16
3887,01/11/2020,19
3920,01/11/2020,79
4001,01/11/2020,1
4047,01/11/2020,24
4049,01/11/2020,66.25
4106,01/11/2020,4
4115,01/11/2020,3
4238,01/11/2020,0
4247,01/11/2020,14.25
4318,01/11/2020,47
4367,01/11/2020,109.5
4469,01/11/2020,285.67
4533,01/11/2020,24
4565,01/11/2020,6
4607,01/11/2020,396.17
4653,01/11/2020,37.5
4901,01/11/2020,27.25
4982,01/11/2020,12
5004,01/11/2020,12
5011,01/11/2020,34
5272,01/11/2020,6
5327,01/11/2020,15
5391,01/11/2020,4
5392,01/11/2020,24
5400,01/11/2020,1
5497,01/11/2020,20
5754,01/11/2020,4
5755,01/11/2020,12
5914,01/11/2020,50
6006,01/11/2020,1.8
6065,01/11/2020,63
6177,01/11/2020,59.5
6215,01/11/2020,13.25
6281,01/11/2020,21
6284,01/11/2020,3
6338,01/11/2020,3
6414,01/11/2020,12
6430,01/11/2020,84.48
6516,01/11/2020,39
6669,01/11/2020,12
6676,01/11/2020,102
6711,01/11/2020,123
6729,01/11/2020,6
6745,01/11/2020,6
6746,01/11/2020,144
6752,01/11/2020,414.5
6757,01/11/2020,109
6771,01/11/2020,39.35
6808,01/11/2020,56
6867,01/11/2020,0
6950,01/11/2020,40
7028,01/11/2020,106.25
7056,01/11/2020,12
7087,01/11/2020,18
7107,01/11/2020,157.25
